"FullName","Length","LastWriteTime"
"C:\Users\weish\ABSA\scripts\__pycache__\build_aspect_candidates.cpython-314.pyc","19537","2026/1/5 17:02:26"
"C:\Users\weish\ABSA\scripts\__pycache__\check_has_time_duckdb.cpython-314.pyc","3777","2026/1/5 17:02:26"
"C:\Users\weish\ABSA\scripts\__pycache__\check_time_fields.cpython-314.pyc","7186","2026/1/5 17:02:26"
"C:\Users\weish\ABSA\scripts\__pycache__\coverage_apply_updates.cpython-314.pyc","9077","2026/1/5 17:02:26"
"C:\Users\weish\ABSA\scripts\__pycache__\coverage_suggest_updates_fast.cpython-314.pyc","44932","2026/1/5 17:02:26"
"C:\Users\weish\ABSA\scripts\__pycache__\coverage_suggest_updates_ultra.cpython-314.pyc","38655","2026/1/5 17:02:27"
"C:\Users\weish\ABSA\scripts\__pycache__\export_product_reports.cpython-314.pyc","5742","2026/1/5 17:02:27"
"C:\Users\weish\ABSA\scripts\__pycache__\init_aspects_phone.cpython-314.pyc","17897","2026/1/5 17:02:27"
"C:\Users\weish\ABSA\scripts\__pycache__\llm_autofill_decisions.cpython-314.pyc","24757","2026/1/5 17:02:27"
"C:\Users\weish\ABSA\scripts\__pycache__\pipeline_e2e.cpython-314.pyc","7392","2026/1/5 17:35:11"
"C:\Users\weish\ABSA\scripts\__pycache__\print_time_range.cpython-314.pyc","2925","2026/1/5 17:02:27"
"C:\Users\weish\ABSA\scripts\__pycache__\split_product_excels.cpython-314.pyc","2864","2026/1/5 17:02:27"
"C:\Users\weish\ABSA\scripts\__pycache__\step00_ingest_json_to_clean_sentences.cpython-314.pyc","14711","2026/1/5 17:35:11"
"C:\Users\weish\ABSA\scripts\__pycache__\tag_aspects.cpython-314.pyc","15549","2026/1/5 17:02:27"
"C:\Users\weish\ABSA\scripts\_ops\audit_repo.ps1","4538","2026/1/6 15:42:21"
"C:\Users\weish\ABSA\scripts\build_aspect_candidates.py","13014","2026/1/5 16:10:07"
"C:\Users\weish\ABSA\scripts\check_has_time_duckdb.py","1832","2026/1/5 16:10:07"
"C:\Users\weish\ABSA\scripts\check_time_fields.py","5524","2026/1/5 16:10:07"
"C:\Users\weish\ABSA\scripts\coverage_apply_updates.py","4897","2026/1/5 16:10:07"
"C:\Users\weish\ABSA\scripts\coverage_suggest_updates_fast.py","28907","2026/1/5 16:10:07"
"C:\Users\weish\ABSA\scripts\coverage_suggest_updates_ultra.py","22781","2026/1/5 16:10:07"
"C:\Users\weish\ABSA\scripts\domains\beauty\run_full.ps1","396","2026/1/5 17:30:54"
"C:\Users\weish\ABSA\scripts\domains\beauty\run_smoke.ps1","466","2026/1/5 17:00:19"
"C:\Users\weish\ABSA\scripts\domains\car\run_full.ps1","384","2026/1/5 17:30:46"
"C:\Users\weish\ABSA\scripts\domains\car\run_smoke.ps1","457","2026/1/5 16:59:59"
"C:\Users\weish\ABSA\scripts\domains\laptop\run_full.ps1","396","2026/1/5 17:30:36"
"C:\Users\weish\ABSA\scripts\domains\laptop\run_smoke.ps1","466","2026/1/5 16:59:40"
"C:\Users\weish\ABSA\scripts\domains\phone\run_full.ps1","392","2026/1/5 17:30:29"
"C:\Users\weish\ABSA\scripts\domains\phone\run_smoke.ps1","463","2026/1/5 16:59:14"
"C:\Users\weish\ABSA\scripts\export_product_reports.py","3222","2026/1/5 16:10:07"
"C:\Users\weish\ABSA\scripts\init_aspects_phone.py","13112","2026/1/5 16:10:07"
"C:\Users\weish\ABSA\scripts\llm_autofill_decisions.py","15321","2026/1/5 16:10:07"
"C:\Users\weish\ABSA\scripts\pipeline_e2e.py","4407","2026/1/5 17:34:35"
"C:\Users\weish\ABSA\scripts\print_time_range.py","1451","2026/1/5 16:10:07"
"C:\Users\weish\ABSA\scripts\route_b_sentiment\__pycache__\build_trainset_v2_from_raw.cpython-314.pyc","3764","2026/1/5 17:02:27"
"C:\Users\weish\ABSA\scripts\route_b_sentiment\__pycache__\check_asc_pred_ds_oneclick.cpython-314.pyc","25488","2026/1/5 17:02:27"
"C:\Users\weish\ABSA\scripts\route_b_sentiment\__pycache__\check_pred_mapping.cpython-314.pyc","6358","2026/1/5 17:02:27"
"C:\Users\weish\ABSA\scripts\route_b_sentiment\__pycache__\check_pseudolabel_outputs.cpython-314.pyc","8840","2026/1/5 17:02:27"
"C:\Users\weish\ABSA\scripts\route_b_sentiment\__pycache__\diagnose_route_b_pred_ds.cpython-314.pyc","15066","2026/1/5 17:02:27"
"C:\Users\weish\ABSA\scripts\route_b_sentiment\__pycache__\export_web_tables_l1_11.cpython-314.pyc","22513","2026/1/5 17:02:27"
"C:\Users\weish\ABSA\scripts\route_b_sentiment\__pycache__\inspect_pseudolabel_dist.cpython-314.pyc","6612","2026/1/5 17:02:27"
"C:\Users\weish\ABSA\scripts\route_b_sentiment\__pycache__\pipeline.cpython-314.pyc","16085","2026/1/5 17:02:27"
"C:\Users\weish\ABSA\scripts\route_b_sentiment\__pycache__\sentiment_01_build_aspect_pairs_and_train_candidates.cpython-314.pyc","36304","2026/1/5 17:02:27"
"C:\Users\weish\ABSA\scripts\route_b_sentiment\__pycache__\sentiment_02_pseudolabel_openai.cpython-311.pyc","21800","2026/1/5 15:50:12"
"C:\Users\weish\ABSA\scripts\route_b_sentiment\__pycache__\sentiment_02_pseudolabel_openai.cpython-314.pyc","20452","2026/1/5 17:02:27"
"C:\Users\weish\ABSA\scripts\route_b_sentiment\__pycache__\sentiment_03_train_asc_lora.cpython-314.pyc","13249","2026/1/5 17:02:27"
"C:\Users\weish\ABSA\scripts\route_b_sentiment\__pycache__\sentiment_04_infer_asc.cpython-311.pyc","32087","2026/1/5 15:50:12"
"C:\Users\weish\ABSA\scripts\route_b_sentiment\__pycache__\sentiment_04_infer_asc.cpython-314.pyc","32316","2026/1/5 17:02:27"
"C:\Users\weish\ABSA\scripts\route_b_sentiment\__pycache__\sentiment_05_aggregate_and_build_excels.cpython-311.pyc","40441","2026/1/5 15:50:12"
"C:\Users\weish\ABSA\scripts\route_b_sentiment\__pycache__\sentiment_05_aggregate_and_build_excels.cpython-314.pyc","38914","2026/1/5 17:02:27"
"C:\Users\weish\ABSA\scripts\route_b_sentiment\_shared\__pycache__\config_resolver.cpython-311.pyc","2464","2026/1/5 17:09:46"
"C:\Users\weish\ABSA\scripts\route_b_sentiment\_shared\__pycache__\config_resolver.cpython-314.pyc","2417","2026/1/5 17:02:27"
"C:\Users\weish\ABSA\scripts\route_b_sentiment\_shared\__pycache__\paths.cpython-311.pyc","2277","2026/1/5 17:09:46"
"C:\Users\weish\ABSA\scripts\route_b_sentiment\_shared\__pycache__\paths.cpython-314.pyc","2666","2026/1/5 17:02:27"
"C:\Users\weish\ABSA\scripts\route_b_sentiment\_shared\config_resolver.py","1226","2026/1/5 16:56:07"
"C:\Users\weish\ABSA\scripts\route_b_sentiment\_shared\paths.py","1101","2026/1/5 16:56:39"
"C:\Users\weish\ABSA\scripts\route_b_sentiment\build_trainset_v2_from_raw.py","2425","2026/1/5 16:10:07"
"C:\Users\weish\ABSA\scripts\route_b_sentiment\check_asc_pred_ds_oneclick.py","17157","2026/1/5 16:10:07"
"C:\Users\weish\ABSA\scripts\route_b_sentiment\check_pred_mapping.py","4683","2026/1/5 16:10:07"
"C:\Users\weish\ABSA\scripts\route_b_sentiment\check_pred_smoke.py","6782","2026/1/6 14:49:18"
"C:\Users\weish\ABSA\scripts\route_b_sentiment\check_pseudolabel_outputs.py","4968","2026/1/5 16:10:07"
"C:\Users\weish\ABSA\scripts\route_b_sentiment\diagnose_route_b_pred_ds.py","10520","2026/1/5 16:10:07"
"C:\Users\weish\ABSA\scripts\route_b_sentiment\export_web_tables_l1_11.py","18042","2026/1/5 16:10:07"
"C:\Users\weish\ABSA\scripts\route_b_sentiment\inspect_pseudolabel_dist.py","4220","2026/1/5 16:10:07"
"C:\Users\weish\ABSA\scripts\route_b_sentiment\pipeline.py","9932","2026/1/5 16:58:51"
"C:\Users\weish\ABSA\scripts\route_b_sentiment\sentiment_01_build_aspect_pairs_and_train_candidates.py","25872","2026/1/5 16:10:07"
"C:\Users\weish\ABSA\scripts\route_b_sentiment\sentiment_02_pseudolabel_openai.py","14991","2026/1/5 16:10:07"
"C:\Users\weish\ABSA\scripts\route_b_sentiment\sentiment_03_train_asc_lora.py","9141","2026/1/6 13:42:06"
"C:\Users\weish\ABSA\scripts\route_b_sentiment\sentiment_04_infer_asc.py","22527","2026/1/5 16:10:07"
"C:\Users\weish\ABSA\scripts\route_b_sentiment\sentiment_05_aggregate_and_build_excels.py","34852","2026/1/5 16:10:07"
"C:\Users\weish\ABSA\scripts\split_product_excels.py","1295","2026/1/5 16:10:07"
"C:\Users\weish\ABSA\scripts\step00_ingest_json_to_clean_sentences.py","9482","2026/1/6 9:03:45"
"C:\Users\weish\ABSA\scripts\tag_aspects.py","12254","2026/1/6 9:14:46"
